{"0":{"region_name":78152,"state_name":"Texas","lat_max":29.4967084,"lat_min":29.3778768,"lng_max":-98.1264635,"lng_min":-98.2560603,"lat_avg":29.4304210516,"lng_avg":-98.2009067339,"yearly_sunlight_kwh_kw_threshold_avg":1097.35,"count_qualified":74,"percent_covered":3.5783365571,"percent_qualified":100.0,"number_of_panels_n":903,"number_of_panels_s":1132,"number_of_panels_e":949,"number_of_panels_w":943,"number_of_panels_f":6280,"number_of_panels_median":72.0,"number_of_panels_total":10207.0,"kw_median":18.0,"kw_total":2551.75,"yearly_sunlight_kwh_n":271451.809765625,"yearly_sunlight_kwh_s":394782.0683593749,"yearly_sunlight_kwh_e":287134.0519226073,"yearly_sunlight_kwh_w":319081.8292297363,"yearly_sunlight_kwh_f":2121826.9674316403,"yearly_sunlight_kwh_median":24084.4005371094,"yearly_sunlight_kwh_total":3394276.7267089849,"install_size_kw_buckets_json":"[[0,6],[5,7],[10,15],[15,11],[20,12],[25,4],[30,5],[35,3],[40,2],[45,2],[50,1],[55,1],[75,1],[80,1],[90,1],[205,1],[720,1]]","carbon_offset_metric_tons":1650.5907745415,"existing_installs_count":1},"1":{"region_name":78124,"state_name":"Texas","lat_max":29.6593941,"lat_min":29.4567171,"lng_max":-98.0777866,"lng_min":-98.2061119,"lat_avg":29.5628356821,"lng_avg":-98.154436901,"yearly_sunlight_kwh_kw_threshold_avg":1092.3036842105,"count_qualified":81,"percent_covered":2.0592020592,"percent_qualified":84.375,"number_of_panels_n":621,"number_of_panels_s":707,"number_of_panels_e":644,"number_of_panels_w":616,"number_of_panels_f":1313,"number_of_panels_median":37.0,"number_of_panels_total":3901.0,"kw_median":9.25,"kw_total":975.25,"yearly_sunlight_kwh_n":190480.0301147461,"yearly_sunlight_kwh_s":241619.5938476562,"yearly_sunlight_kwh_e":195488.4082702637,"yearly_sunlight_kwh_w":212698.4244689941,"yearly_sunlight_kwh_f":442824.5944213867,"yearly_sunlight_kwh_median":12040.8588623047,"yearly_sunlight_kwh_total":1283111.051123047,"install_size_kw_buckets_json":"[[0,23],[5,22],[10,12],[15,8],[20,6],[25,5],[30,2],[35,2],[40,1]]","carbon_offset_metric_tons":623.9595160379,"existing_installs_count":0},"2":{"region_name":78266,"state_name":"Texas","lat_max":29.7265154,"lat_min":29.5859211,"lng_max":-98.2589668,"lng_min":-98.3918477,"lat_avg":29.6363520214,"lng_avg":-98.3176045303,"yearly_sunlight_kwh_kw_threshold_avg":1095.9566610313,"count_qualified":2637,"percent_covered":77.9598756711,"percent_qualified":95.5781080101,"number_of_panels_n":31968,"number_of_panels_s":70708,"number_of_panels_e":41929,"number_of_panels_w":62933,"number_of_panels_f":105821,"number_of_panels_median":80.0,"number_of_panels_total":313359.0,"kw_median":20.0,"kw_total":78339.75,"yearly_sunlight_kwh_n":9202769.3288268968,"yearly_sunlight_kwh_s":23607606.7235412486,"yearly_sunlight_kwh_e":12330866.1128234956,"yearly_sunlight_kwh_w":20766782.483258035,"yearly_sunlight_kwh_f":35758645.8987914845,"yearly_sunlight_kwh_median":25168.4883789063,"yearly_sunlight_kwh_total":101666670.5472412556,"install_size_kw_buckets_json":"[[0,147],[5,275],[10,382],[15,520],[20,399],[25,295],[30,215],[35,127],[40,66],[45,35],[50,22],[55,21],[60,19],[65,7],[70,8],[75,5],[80,3],[85,4],[90,4],[95,4],[100,3],[105,7],[110,6],[115,4],[120,2],[125,3],[130,3],[135,3],[140,1],[145,1],[150,1],[155,3],[160,2],[165,3],[180,4],[190,2],[195,2],[200,1],[205,2],[210,3],[215,1],[225,1],[235,1],[280,1],[300,1],[315,1],[325,1],[355,1],[370,1],[435,1],[465,1],[495,1],[525,1],[560,1],[610,1],[635,1],[645,1],[675,1],[680,1],[1055,1],[1180,1],[1455,1],[2370,1]]","carbon_offset_metric_tons":49439.1241477625,"existing_installs_count":47},"3":{"region_name":78155,"state_name":"Texas","lat_max":29.7720504,"lat_min":29.3776736,"lng_max":-97.741649,"lng_min":-98.1344105,"lat_avg":29.5595226978,"lng_avg":-97.9672415875,"yearly_sunlight_kwh_kw_threshold_avg":1092.25,"count_qualified":10846,"percent_covered":45.2851885925,"percent_qualified":91.8063314711,"number_of_panels_n":99592,"number_of_panels_s":173703,"number_of_panels_e":117511,"number_of_panels_w":149188,"number_of_panels_f":488215,"number_of_panels_median":53.0,"number_of_panels_total":1028209.0,"kw_median":13.25,"kw_total":257052.25,"yearly_sunlight_kwh_n":29240941.9484802149,"yearly_sunlight_kwh_s":60253574.0104065016,"yearly_sunlight_kwh_e":36077025.6225219816,"yearly_sunlight_kwh_w":49095062.683978267,"yearly_sunlight_kwh_f":165463823.9281676412,"yearly_sunlight_kwh_median":16939.8658203125,"yearly_sunlight_kwh_total":340130428.1935548782,"install_size_kw_buckets_json":"[[0,1302],[5,2443],[10,2418],[15,1775],[20,1086],[25,592],[30,287],[35,178],[40,136],[45,74],[50,71],[55,47],[60,32],[65,23],[70,35],[75,16],[80,19],[85,21],[90,21],[95,19],[100,10],[105,15],[110,5],[115,12],[120,10],[125,7],[130,6],[135,9],[140,7],[145,6],[150,7],[155,10],[160,9],[165,7],[170,6],[175,4],[180,3],[185,5],[190,1],[195,2],[200,3],[205,5],[210,3],[215,3],[220,4],[225,3],[230,1],[235,4],[240,3],[245,1],[250,4],[255,4],[270,2],[275,2],[280,2],[285,1],[290,2],[295,1],[300,1],[305,1],[320,4],[330,1],[345,1],[350,2],[355,2],[370,3],[375,1],[395,1],[405,1],[410,2],[420,1],[450,1],[455,1],[495,1],[500,1],[540,2],[560,1],[575,1],[580,1],[600,1],[605,1],[615,1],[620,1],[635,2],[705,1],[725,1],[730,1],[745,1],[765,1],[890,1],[920,1],[995,1],[1050,1],[1070,1],[1075,1],[1175,1],[1190,1],[1200,1],[1265,1],[1400,2],[1575,1],[1590,1],[1660,1],[2065,1],[2125,1],[2555,1],[2670,1],[3255,1],[6075,1]]","carbon_offset_metric_tons":165400.8179414024,"existing_installs_count":6},"4":{"region_name":78130,"state_name":"Texas","lat_max":29.8131842,"lat_min":29.6000138,"lng_max":-97.9875784,"lng_min":-98.1663409,"lat_avg":29.6925188217,"lng_avg":-98.1022848759,"yearly_sunlight_kwh_kw_threshold_avg":1094.5404790733,"count_qualified":23003,"percent_covered":84.0299438553,"percent_qualified":89.8800453249,"number_of_panels_n":235245,"number_of_panels_s":438867,"number_of_panels_e":289088,"number_of_panels_w":382982,"number_of_panels_f":680670,"number_of_panels_median":55.0,"number_of_panels_total":2026852.0,"kw_median":13.75,"kw_total":506713.0,"yearly_sunlight_kwh_n":68443141.6952636838,"yearly_sunlight_kwh_s":147457562.8186035454,"yearly_sunlight_kwh_e":87198935.0374267548,"yearly_sunlight_kwh_w":125216810.5112487972,"yearly_sunlight_kwh_f":227808883.7112915516,"yearly_sunlight_kwh_median":17716.0626403809,"yearly_sunlight_kwh_total":656125333.7738339901,"install_size_kw_buckets_json":"[[0,2072],[5,4543],[10,5894],[15,4501],[20,2640],[25,1250],[30,531],[35,275],[40,194],[45,134],[50,91],[55,71],[60,71],[65,76],[70,47],[75,41],[80,44],[85,42],[90,32],[95,34],[100,32],[105,17],[110,13],[115,17],[120,21],[125,13],[130,13],[135,12],[140,14],[145,11],[150,7],[155,6],[160,9],[165,11],[170,11],[175,14],[180,7],[185,3],[190,4],[195,14],[200,6],[205,7],[210,1],[215,4],[220,5],[225,3],[230,3],[235,3],[245,1],[250,3],[255,3],[260,2],[270,4],[275,2],[280,2],[285,1],[295,1],[310,5],[320,5],[325,1],[330,1],[335,2],[340,1],[345,2],[355,1],[360,1],[365,2],[370,2],[375,2],[380,1],[390,1],[400,1],[405,2],[420,2],[425,1],[430,3],[440,1],[450,3],[455,1],[460,2],[465,2],[475,1],[490,1],[500,2],[505,1],[510,1],[525,1],[540,1],[545,1],[550,1],[555,1],[565,1],[580,1],[585,2],[590,1],[595,1],[600,1],[605,3],[615,1],[635,1],[655,3],[660,1],[665,1],[675,1],[680,1],[690,2],[700,1],[725,3],[740,1],[765,1],[795,1],[805,1],[810,1],[835,1],[920,1],[955,1],[980,1],[1005,2],[1025,1],[1035,1],[1065,1],[1095,1],[1105,1],[1155,1],[1170,1],[1180,1],[1220,1],[1290,1],[1295,1],[1370,1],[1410,1],[1445,1],[1460,1],[1475,1],[1485,1],[1560,1],[1830,1],[1860,1],[2005,1],[2120,1],[2125,1],[2450,1],[2755,1],[2770,1],[3110,1],[3375,1]]","carbon_offset_metric_tons":319064.8583093288,"existing_installs_count":86},"5":{"region_name":78132,"state_name":"Texas","lat_max":29.9117702,"lat_min":29.6168102,"lng_max":-98.0186613,"lng_min":-98.3442468,"lat_avg":29.7483541903,"lng_avg":-98.1733933794,"yearly_sunlight_kwh_kw_threshold_avg":1095.65,"count_qualified":2678,"percent_covered":17.941212343,